Timestamp,Temperature,Pressure
1767225600,-9.74,1015.5
1767229200,-10.29,1015.5
1767232800,-8.17,1012.9
1767236400,-9.14,1016.0
1767240000,-8.26,1014.3
1767243600,-6.35,1015.0
1767247200,-4.11,1017.3
1767250800,-3.12,1015.0
1767254400,-2.71,1013.8
1767258000,-1.32,1016.1
1767261600,0.24,1017.2
1767265200,-0.49,1017.2
1767268800,0.88,1016.4
1767272400,0.94,1016.5
1767276000,-0.09,1013.9
1767279600,-0.69,1013.7
1767283200,-2.70,1013.0
1767286800,-3.39,1017.2
1767290400,-4.18,1016.6
1767294000,-6.48,1014.1
1767297600,-6.88,1015.0
1767301200,-7.55,1012.5
1767304800,-10.16,1014.6
1767308400,-9.67,1016.8
1767312000,-9.71,1014.6
1767315600,-9.72,1016.0
1767319200,-8.02,1017.0
1767322800,-7.22,1015.3
1767326400,-7.91,1016.2
1767330000,-5.46,1016.8
1767333600,-3.80,1017.2
1767337200,-3.84,1016.7
1767340800,-2.22,1015.1
1767344400,-1.29,1014.5
1767348000,-0.05,1018.3
1767351600,0.25,1018.3
1767355200,1.14,1015.2
1767358800,0.09,1017.7
1767362400,-1.24,1014.7
1767366000,-1.70,1014.7
1767369600,-1.94,1017.0
1767373200,-4.24,1017.0
1767376800,-4.90,1015.0
1767380400,-5.87,1019.2
1767384000,-7.88,1015.0
1767387600,-8.49,1015.5
1767391200,-9.88,1014.5
1767394800,-10.11,1018.4
1767398400,-9.49,1020.3
1767402000,-8.70,1018.7
1767405600,-8.11,1017.6
1767409200,-8.79,1018.9
1767412800,-6.02,1019.8
1767416400,-5.19,1018.8
1767420000,-4.85,1019.2
1767423600,-2.60,1019.8
1767427200,-2.19,1020.0
1767430800,-1.76,1017.1
1767434400,0.72,1019.7
1767438000,1.23,1017.3
1767441600,-0.11,1020.3
1767445200,0.59,1018.0
1767448800,0.26,1018.1
1767452400,-0.04,1016.7
1767456000,-1.06,1018.6
1767459600,-3.24,1019.9
1767463200,-3.69,1020.6
1767466800,-5.98,1019.3
1767470400,-7.18,1020.6
1767474000,-8.86,1018.1
1767477600,-8.38,1020.8
1767481200,-9.10,1022.0
1767484800,-9.07,1019.6
1767488400,-8.76,1017.8
1767492000,-7.81,1022.3
1767495600,-8.31,1018.3
1767499200,-6.10,1019.6
1767502800,-5.84,1018.3
1767506400,-4.21,1020.0
1767510000,-3.81,1021.3
1767513600,-1.35,1020.3
1767517200,-1.16,1018.7
1767520800,0.65,1019.8
1767524400,0.55,1022.1
1767528000,1.49,1019.9
1767531600,1.18,1018.7
1767535200,-0.07,1018.8
1767538800,-0.62,1020.2
1767542400,-1.60,1019.4
1767546000,-3.31,1021.8
1767549600,-4.42,1019.1
1767553200,-4.99,1018.2
1767556800,-5.94,1018.2
1767560400,-8.55,1021.2
1767564000,-8.76,1020.8
1767567600,-8.73,1020.1
1767571200,-10.05,1023.0
1767574800,-9.92,1020.7
1767578400,-9.27,1020.5
1767582000,-8.57,1022.9
1767585600,-6.45,1021.4
1767589200,-5.60,1023.4
1767592800,-4.51,1022.8
1767596400,-2.46,1022.4
1767600000,-0.68,1022.6
1767603600,-1.36,1020.5
1767607200,0.30,1019.6
1767610800,1.33,1020.2
1767614400,1.58,1020.2
1767618000,1.43,1020.1
1767621600,0.74,1021.4
1767625200,-0.51,1019.5
1767628800,-0.96,1019.7
1767632400,-2.89,1020.1
1767636000,-4.26,1022.1
1767639600,-5.49,1020.4
1767643200,-6.30,1020.1
1767646800,-8.26,1020.2
1767650400,-7.99,1020.1
1767654000,-8.30,1023.5
1767657600,-8.51,1024.2
1767661200,-9.58,1021.6
1767664800,-7.53,1024.0
1767668400,-7.42,1021.2
1767672000,-6.49,1021.3
1767675600,-5.74,1023.9
1767679200,-4.46,1022.0
1767682800,-2.47,1020.9
1767686400,-2.41,1023.2
1767690000,0.21,1024.7
1767693600,0.79,1019.9
1767697200,1.16,1024.5
1767700800,1.67,1024.5
1767704400,0.96,1021.2
1767708000,0.75,1020.3
1767711600,-0.08,1020.6
1767715200,-0.52,1021.6
1767718800,-2.47,1020.2
1767722400,-4.91,1020.9
1767726000,-5.73,1020.2
1767729600,-7.10,1024.0
1767733200,-8.51,1023.4
1767736800,-7.65,1022.9
1767740400,-8.44,1025.3
1767744000,-9.29,1022.7
1767747600,-7.95,1024.2
1767751200,-7.52,1024.2
1767754800,-7.25,1024.9
1767758400,-5.97,1023.8
1767762000,-4.25,1020.7
1767765600,-3.81,1021.5
1767769200,-2.23,1024.7
1767772800,-1.44,1020.7
1767776400,0.27,1023.5
1767780000,1.27,1020.9
1767783600,0.16,1023.7
1767787200,1.92,1021.8
1767790800,1.25,1024.2
1767794400,1.40,1023.1
1767798000,-0.06,1024.7
1767801600,-0.63,1024.0
1767805200,-2.76,1023.4
1767808800,-3.23,1022.0
1767812400,-5.91,1020.5
1767816000,-6.27,1024.0
1767819600,-7.45,1022.0
1767823200,-7.67,1020.8
1767826800,-9.26,1022.9
1767830400,-7.75,1020.7
1767834000,-9.17,1022.1
1767837600,-8.59,1022.4
1767841200,-7.84,1021.3
1767844800,-6.85,1024.4
1767848400,-4.12,1020.8
1767852000,-3.39,1023.8
1767855600,-2.16,1024.8
1767859200,-0.38,1024.8
1767862800,0.76,1020.6
1767866400,-0.06,1024.8
1767870000,2.14,1020.7
1767873600,0.87,1025.1
1767877200,0.21,1024.8
1767880800,0.72,1021.3
1767884400,-0.28,1022.9
1767888000,-0.17,1024.1
1767891600,-2.32,1022.5
1767895200,-2.84,1022.3
1767898800,-4.98,1022.4
1767902400,-6.06,1021.5
1767906000,-6.24,1024.1
1767909600,-7.13,1022.9
1767913200,-8.09,1023.2
1767916800,-9.27,1021.3
1767920400,-7.85,1023.0
1767924000,-7.15,1022.7
1767927600,-7.09,1023.1
1767931200,-6.31,1021.5
1767934800,-5.59,1023.7
1767938400,-3.46,1022.6
1767942000,-2.58,1020.9
1767945600,-1.90,1021.4
1767949200,-0.93,1024.4
1767952800,1.00,1022.5
1767956400,0.37,1022.5
1767960000,1.64,1021.5
1767963600,0.88,1024.6
1767967200,0.02,1021.4
1767970800,-0.36,1023.7
1767974400,-0.30,1023.5
1767978000,-2.57,1021.9
1767981600,-3.65,1021.5
1767985200,-4.79,1021.8
1767988800,-5.29,1024.7
1767992400,-6.94,1022.7
1767996000,-7.32,1024.0
1767999600,-8.63,1020.3
1768003200,-8.11,1023.3
1768006800,-7.73,1021.6
1768010400,-7.55,1022.3
1768014000,-6.85,1019.9
1768017600,-6.76,1020.7
1768021200,-4.61,1023.3
1768024800,-2.72,1023.3
1768028400,-1.76,1024.2
1768032000,-1.17,1020.5
1768035600,0.79,1023.7
1768039200,1.21,1022.4
1768042800,1.93,1022.5
1768046400,1.57,1021.8
1768050000,0.97,1022.1
1768053600,0.03,1021.2
1768057200,-0.44,1020.9
1768060800,-1.31,1020.3
1768064400,-2.59,1022.6
1768068000,-3.65,1024.6
1768071600,-5.08,1022.0
1768075200,-5.78,1022.5
1768078800,-7.32,1023.0
1768082400,-8.18,1019.8
1768086000,-8.68,1023.2
1768089600,-8.19,1023.2
1768093200,-8.77,1019.5
1768096800,-6.89,1023.2
1768100400,-6.19,1021.3
1768104000,-5.62,1020.3
1768107600,-5.36,1020.2
1768111200,-3.74,1019.1
1768114800,-2.09,1019.4
1768118400,-0.20,1020.2
1768122000,0.76,1021.2
1768125600,0.85,1022.7
1768129200,1.25,1019.4
1768132800,2.56,1022.7
1768136400,2.50,1019.5
1768140000,0.25,1018.9
1768143600,0.82,1020.2
1768147200,0.26,1021.0
1768150800,-0.92,1019.4
1768154400,-3.65,1020.2
1768158000,-5.14,1022.5
1768161600,-5.14,1019.2
1768165200,-7.61,1022.9
1768168800,-7.35,1022.9
1768172400,-8.31,1021.4
1768176000,-8.76,1021.2
1768179600,-8.01,1020.1
1768183200,-6.89,1020.8
1768186800,-6.91,1020.6
1768190400,-4.92,1017.3
1768194000,-4.54,1018.4
1768197600,-3.71,1017.9
1768201200,-1.45,1018.2
1768204800,-1.46,1020.6
1768208400,1.06,1021.6
1768212000,1.92,1020.4
1768215600,0.88,1019.3
1768219200,2.33,1020.1
1768222800,1.36,1020.3
1768226400,0.47,1021.6
1768230000,0.52,1019.0
1768233600,-0.82,1017.4
1768237200,-1.37,1019.0
1768240800,-3.06,1022.1
1768244400,-4.27,1021.9
1768248000,-6.42,1018.0
1768251600,-5.70,1019.4
1768255200,-6.86,1021.3
1768258800,-6.79,1016.8
1768262400,-7.48,1019.3
1768266000,-7.20,1018.7
1768269600,-6.73,1018.6
1768273200,-6.95,1016.5
1768276800,-5.41,1018.1
1768280400,-3.54,1016.5
1768284000,-2.06,1018.1
1768287600,-0.81,1015.7
1768291200,-0.76,1018.1
1768294800,0.56,1018.6
1768298400,1.50,1018.6
1768302000,2.93,1015.8
1768305600,2.81,1020.0
1768309200,2.67,1020.4
1768312800,0.80,1017.0
1768316400,1.14,1015.7
1768320000,-0.45,1019.9
1768323600,-0.57,1020.3
1768327200,-2.51,1019.1
1768330800,-3.15,1016.3
1768334400,-5.54,1018.2
1768338000,-7.19,1019.3
1768341600,-7.63,1017.4
1768345200,-8.41,1014.8
1768348800,-7.54,1016.1
1768352400,-6.82,1016.1
1768356000,-7.54,1018.3
1768359600,-6.73,1014.6
1768363200,-5.73,1018.7
1768366800,-3.23,1016.2
1768370400,-2.87,1017.7
1768374000,-2.37,1016.7
1768377600,0.23,1017.5
1768381200,1.53,1018.6
1768384800,1.10,1016.4
1768388400,2.90,1016.1
1768392000,2.02,1016.6
1768395600,3.08,1018.3
1768399200,1.95,1015.3
1768402800,-0.02,1015.0
1768406400,-0.67,1017.4
1768410000,-1.67,1016.5
1768413600,-3.55,1016.1
1768417200,-4.46,1016.1
1768420800,-5.33,1016.5
1768424400,-6.83,1018.5
1768428000,-7.12,1015.2
1768431600,-7.45,1015.8
1768435200,-6.69,1012.5
1768438800,-7.35,1015.1
1768442400,-7.14,1014.2
1768446000,-6.75,1016.4
1768449600,-4.19,1014.1
1768453200,-3.33,1016.5
1768456800,-3.49,1012.8
1768460400,-1.57,1013.3
1768464000,-0.95,1015.6
1768467600,1.44,1016.8
1768471200,1.54,1012.2
1768474800,1.47,1013.2
1768478400,2.25,1014.9
1768482000,2.38,1014.4
1768485600,0.88,1012.0
1768489200,0.61,1012.0
1768492800,-0.54,1012.7
1768496400,-2.04,1012.7
1768500000,-2.61,1014.9
1768503600,-4.46,1013.2
1768507200,-5.63,1013.1
1768510800,-5.10,1012.6
1768514400,-7.78,1014.2
1768518000,-6.85,1012.8
1768521600,-6.99,1014.2
1768525200,-7.94,1011.6
1768528800,-6.73,1012.9
1768532400,-6.41,1011.5
1768536000,-5.60,1010.6
1768539600,-3.30,1012.0
1768543200,-1.64,1012.4
1768546800,-1.95,1011.2
1768550400,0.25,1010.5
1768554000,0.43,1012.3
1768557600,1.87,1011.9
1768561200,2.88,1014.7
1768564800,2.55,1010.9
1768568400,1.92,1010.2
1768572000,1.25,1014.2
1768575600,1.00,1011.8
1768579200,-0.83,1011.3
1768582800,-1.45,1012.5
1768586400,-3.29,1010.8
1768590000,-3.37,1012.7
1768593600,-3.89,1010.3
1768597200,-5.90,1014.5
1768600800,-7.47,1010.1
1768604400,-7.43,1008.7
1768608000,-7.99,1012.8
1768611600,-7.26,1011.5
1768615200,-6.39,1009.3
1768618800,-4.80,1008.7
1768622400,-5.07,1010.4
1768626000,-2.92,1009.7
1768629600,-3.01,1008.2
1768633200,-1.41,1008.2
1768636800,-0.18,1011.4
1768640400,1.15,1009.0
1768644000,2.61,1012.3
1768647600,2.50,1012.5
1768651200,3.21,1012.6
1768654800,2.29,1008.5
1768658400,1.54,1012.2
1768662000,1.53,1009.3
1768665600,0.49,1009.8
1768669200,-1.11,1012.4
1768672800,-2.01,1008.2
1768676400,-3.60,1008.6
1768680000,-4.85,1008.8
1768683600,-5.19,1008.6
1768687200,-6.29,1010.7
1768690800,-6.85,1006.1
1768694400,-6.16,1008.8
1768698000,-5.87,1006.2
1768701600,-5.93,1008.2
1768705200,-6.07,1006.5
1768708800,-4.58,1006.5
1768712400,-4.15,1009.5
1768716000,-1.11,1007.9
1768719600,-0.77,1008.1
1768723200,-0.19,1009.0
1768726800,1.95,1009.1
1768730400,1.82,1006.9
1768734000,2.70,1010.9
1768737600,3.15,1008.0
1768741200,2.99,1008.3
1768744800,2.71,1010.4
1768748400,1.47,1007.4
1768752000,0.91,1009.6
1768755600,-1.02,1008.7
1768759200,-1.99,1008.7
1768762800,-3.09,1008.5
1768766400,-4.69,1007.0
1768770000,-5.41,1006.7
1768773600,-6.13,1006.3
1768777200,-7.63,1007.5
1768780800,-6.85,1007.0
1768784400,-7.33,1005.4
1768788000,-7.06,1006.8
1768791600,-5.32,1006.3
1768795200,-4.53,1009.2
1768798800,-3.03,1004.5
1768802400,-2.57,1007.3
1768806000,-0.46,1007.1
1768809600,1.02,1008.7
1768813200,1.37,1007.3
1768816800,3.42,1007.6
1768820400,2.56,1006.8
1768824000,4.02,1006.2
1768827600,2.08,1004.8
1768831200,3.38,1008.7
1768834800,2.40,1005.9
1768838400,1.14,1006.4
1768842000,-1.14,1005.3
1768845600,-2.45,1006.2
1768849200,-3.83,1008.1
1768852800,-4.62,1008.7
1768856400,-5.87,1004.5
1768860000,-5.30,1006.1
1768863600,-6.14,1004.3
1768867200,-7.10,1007.0
1768870800,-6.87,1004.3
1768874400,-6.32,1007.9
1768878000,-4.23,1007.0
1768881600,-4.19,1007.5
1768885200,-2.58,1007.8
1768888800,-0.77,1007.7
1768892400,-0.93,1003.9
1768896000,1.18,1005.8
1768899600,2.28,1004.5
1768903200,2.03,1005.4
1768906800,3.07,1004.5
1768910400,3.07,1007.1
1768914000,3.62,1003.4
1768917600,2.54,1005.8
1768921200,2.19,1004.3
1768924800,0.18,1007.8
1768928400,0.22,1006.0
1768932000,-1.66,1003.8
1768935600,-2.78,1005.5
1768939200,-4.89,1003.7
1768942800,-5.50,1003.6
1768946400,-6.27,1007.6
1768950000,-6.27,1005.9
1768953600,-6.63,1006.6
1768957200,-7.05,1006.6
1768960800,-5.91,1005.8
1768964400,-4.51,1004.9
1768968000,-3.18,1005.6
1768971600,-2.80,1005.6
1768975200,-0.85,1003.5
1768978800,-0.13,1004.0
1768982400,0.07,1002.8
1768986000,1.69,1003.4
1768989600,2.12,1003.4
1768993200,2.91,1004.0
1768996800,3.05,1005.8
1769000400,4.23,1004.0
1769004000,2.51,1001.9
1769007600,2.54,1006.4
1769011200,1.60,1002.8
1769014800,-0.19,1003.9
1769018400,-1.58,1004.9
1769022000,-3.69,1003.1
1769025600,-3.17,1005.3
1769029200,-5.52,1005.9
1769032800,-5.38,1004.1
1769036400,-5.21,1005.5
1769040000,-6.65,1002.2
1769043600,-7.11,1005.9
1769047200,-4.91,1004.0
1769050800,-4.34,1002.3
1769054400,-4.05,1005.9
1769058000,-2.00,1002.4
1769061600,-1.07,1003.6
1769065200,-0.50,1002.8
1769068800,0.24,1002.6
1769072400,1.98,1001.9
1769076000,2.93,1004.3
1769079600,3.31,1003.8
1769083200,4.55,1003.8
1769086800,3.47,1005.2
1769090400,3.38,1005.2
1769094000,2.91,1002.6
1769097600,1.63,1001.2
1769101200,0.15,1005.1
1769104800,-1.88,1003.8
1769108400,-1.66,1001.3
1769112000,-4.83,1001.2
1769115600,-5.52,1001.4
1769119200,-5.88,1001.0
1769122800,-6.76,1002.0
1769126400,-7.02,1004.1
1769130000,-5.23,1003.4
1769133600,-4.92,1001.9
1769137200,-4.39,1003.3
1769140800,-2.78,1003.7
1769144400,-1.99,1001.5
1769148000,-0.19,1001.7
1769151600,0.44,1004.1
1769155200,1.85,1002.3
1769158800,1.54,1001.4
1769162400,2.73,1004.1
1769166000,3.98,1002.2
1769169600,4.43,1001.2
1769173200,3.23,1002.9
1769176800,2.76,1002.3
1769180400,2.88,1002.8
1769184000,2.24,1004.5
1769187600,-0.79,1000.8
1769191200,-0.25,1003.0
1769194800,-1.97,1004.6
1769198400,-4.19,1003.8
1769202000,-4.54,1003.0
1769205600,-4.88,1002.7
1769209200,-5.97,1002.1
1769212800,-6.93,1003.0
1769216400,-5.90,1004.7
1769220000,-5.28,1003.4
1769223600,-4.04,1000.9
1769227200,-2.91,1003.4
1769230800,-3.22,1005.2
1769234400,-1.00,1000.7
1769238000,-0.44,1001.9
1769241600,0.80,1001.8
1769245200,3.12,1001.5
1769248800,4.24,1000.8
1769252400,3.00,1005.3
1769256000,4.76,1002.1
1769259600,2.99,1000.8
1769263200,3.14,1001.3
1769266800,1.56,1000.6
1769270400,0.79,1005.0
1769274000,0.12,1001.6
1769277600,-1.42,1001.2
1769281200,-2.85,1002.5
1769284800,-3.64,1001.1
1769288400,-5.14,1004.3
1769292000,-5.54,1002.8
1769295600,-5.21,1003.7
1769299200,-6.67,1005.8
1769302800,-5.23,1003.6
1769306400,-5.08,1004.2
1769310000,-3.82,1002.7
1769313600,-3.33,1001.4
1769317200,-2.72,1002.3
1769320800,-0.83,1003.0
1769324400,1.02,1003.7
1769328000,1.41,1003.2
1769331600,3.38,1004.6
1769335200,4.37,1005.6
1769338800,3.60,1005.1
1769342400,4.78,1003.5
1769346000,3.99,1002.9
1769349600,2.83,1002.5
1769353200,2.08,1002.7
1769356800,1.35,1004.7
1769360400,0.26,1002.6
1769364000,-1.36,1002.2
1769367600,-1.28,1003.9
1769371200,-3.22,1002.7
1769374800,-3.77,1005.4
1769378400,-5.83,1001.9
1769382000,-6.26,1002.3
1769385600,-6.15,1002.3
1769389200,-6.33,1004.5
1769392800,-4.54,1006.6
1769396400,-3.96,1006.3
1769400000,-4.08,1005.8
1769403600,-2.73,1004.9
1769407200,-1.29,1001.7
1769410800,0.76,1001.8
1769414400,2.52,1001.9
1769418000,3.72,1005.1
1769421600,3.76,1004.0
1769425200,3.81,1002.3
1769428800,3.72,1005.2
1769432400,4.28,1003.5
1769436000,3.11,1001.9
1769439600,2.18,1002.8
1769443200,1.72,1005.2
1769446800,0.52,1005.6
1769450400,-0.21,1002.4
1769454000,-1.97,1005.6
1769457600,-3.85,1003.9
1769461200,-3.76,1002.1
1769464800,-5.73,1005.4
1769468400,-4.76,1007.0
1769472000,-6.22,1003.8
1769475600,-5.68,1006.0
1769479200,-4.84,1003.4
1769482800,-4.33,1006.1
1769486400,-3.36,1005.0
1769490000,-0.85,1006.4
1769493600,-0.72,1007.2
1769497200,1.29,1003.3
1769500800,1.51,1005.7
1769504400,3.74,1003.6
1769508000,3.05,1006.7
1769511600,4.68,1006.6
1769515200,3.65,1004.3
1769518800,5.31,1004.0
1769522400,3.24,1004.1
1769526000,2.06,1005.8
1769529600,2.89,1004.7
1769533200,0.80,1003.1
1769536800,-0.30,1004.3
1769540400,-2.10,1004.4
1769544000,-2.43,1005.9
1769547600,-4.90,1002.8
1769551200,-3.94,1005.3
1769554800,-5.38,1008.6
1769558400,-6.08,1008.3
1769562000,-5.58,1007.7
1769565600,-3.89,1007.7
1769569200,-3.81,1009.0
1769572800,-2.63,1007.9
1769576400,-1.22,1008.6
1769580000,-0.03,1006.0
1769583600,1.01,1006.6
1769587200,2.79,1004.6
1769590800,3.99,1005.9
1769594400,4.38,1005.5
1769598000,4.90,1007.5
1769601600,4.82,1006.6
1769605200,5.10,1008.7
1769608800,4.57,1005.5
1769612400,3.37,1006.6
1769616000,2.38,1006.5
1769619600,1.12,1006.2
1769623200,-0.86,1004.9
1769626800,-1.83,1007.3
1769630400,-2.38,1005.3
1769634000,-3.69,1005.9
1769637600,-4.74,1005.1
1769641200,-4.55,1009.3
1769644800,-5.58,1006.2
1769648400,-4.09,1009.2
1769652000,-3.75,1006.2
1769655600,-4.43,1006.0
1769659200,-3.45,1005.9
1769662800,-0.81,1009.1
1769666400,-0.16,1005.9
1769670000,0.20,1009.7
1769673600,1.69,1009.3
1769677200,3.89,1009.0
1769680800,4.39,1006.9
1769684400,4.01,1010.5
1769688000,3.98,1006.8
1769691600,5.00,1008.8
1769695200,3.94,1006.1
1769698800,3.62,1010.0
1769702400,3.25,1008.1
1769706000,1.34,1006.2
1769709600,-0.13,1006.6
1769713200,-1.70,1009.0
1769716800,-3.07,1006.7
1769720400,-3.58,1007.9
1769724000,-4.68,1008.4
1769727600,-4.50,1008.5
1769731200,-5.68,1008.7
1769734800,-3.99,1012.3
1769738400,-4.33,1012.5
1769742000,-3.28,1011.3
1769745600,-2.63,1010.4
1769749200,-1.77,1009.9
1769752800,-0.80,1008.6
1769756400,0.91,1010.5
1769760000,2.65,1011.1
1769763600,4.10,1007.9
1769767200,4.07,1008.9
1769770800,4.48,1011.2
1769774400,5.62,1010.8
1769778000,5.27,1009.3
1769781600,3.60,1009.8
1769785200,3.56,1010.2
1769788800,1.84,1008.4
1769792400,1.56,1007.9
1769796000,-0.38,1009.5
1769799600,-1.60,1009.9
1769803200,-2.50,1010.1
1769806800,-3.25,1012.7
1769810400,-3.73,1008.9
1769814000,-5.11,1013.1
1769817600,-4.67,1010.5
1769821200,-5.48,1014.0
1769824800,-3.86,1011.8
1769828400,-3.83,1014.4
1769832000,-2.36,1012.1
1769835600,-2.07,1012.9
1769839200,-0.29,1010.3
1769842800,0.91,1012.0
1769846400,2.87,1009.8
1769850000,3.69,1010.1
1769853600,4.24,1012.6
1769857200,5.77,1011.9
1769860800,5.63,1011.2
1769864400,4.16,1012.9
1769868000,4.24,1014.3
1769871600,4.09,1014.5
1769875200,3.02,1014.0
1769878800,1.81,1014.6
1769882400,0.92,1012.1
1769886000,-0.17,1013.8
1769889600,-2.11,1010.0
1769893200,-3.11,1013.0
1769896800,-4.28,1012.2
1769900400,-4.89,1015.1
1769904000,-3.75,1013.0
1769907600,-5.03,1013.8
1769911200,-4.40,1016.3
1769914800,-3.17,1014.4
1769918400,-2.43,1014.7
1769922000,-0.20,1012.0
1769925600,0.25,1015.9
1769929200,1.21,1012.3
1769932800,2.84,1014.1
1769936400,3.20,1015.3
1769940000,5.36,1013.8
1769943600,6.14,1012.4
1769947200,5.99,1014.7
1769950800,4.40,1013.9
1769954400,4.11,1015.0
1769958000,4.80,1011.7
1769961600,3.27,1015.0
1769965200,2.09,1016.4
1769968800,0.90,1014.2
1769972400,-1.53,1015.1
1769976000,-2.37,1016.6
1769979600,-4.04,1016.0
1769983200,-3.70,1016.0
1769986800,-3.68,1017.6
1769990400,-4.65,1015.1
1769994000,-4.11,1017.4
1769997600,-3.62,1017.4
1770001200,-3.81,1015.1
1770004800,-1.26,1017.4
1770008400,-0.98,1015.8
1770012000,-0.38,1018.1
1770015600,1.78,1017.7
1770019200,2.11,1015.8
1770022800,3.25,1018.3
1770026400,4.26,1015.4
1770030000,5.47,1014.5
1770033600,4.87,1015.3
1770037200,5.48,1015.5
1770040800,3.96,1014.3
1770044400,4.93,1018.1
1770048000,3.02,1014.4
1770051600,1.00,1015.4
1770055200,0.72,1016.9
1770058800,-0.13,1014.1
1770062400,-2.68,1015.7
1770066000,-3.50,1017.4
1770069600,-3.09,1015.9
1770073200,-3.92,1016.0
1770076800,-5.07,1019.0
1770080400,-4.22,1019.9
1770084000,-3.45,1019.6
1770087600,-1.96,1019.2
1770091200,-2.79,1017.0
1770094800,-1.11,1018.3
1770098400,1.14,1016.3
1770102000,1.64,1020.4
1770105600,2.68,1016.6
1770109200,3.45,1017.0
1770112800,5.15,1019.3
1770116400,6.47,1019.7
1770120000,5.64,1020.2
1770123600,4.76,1016.8
1770127200,4.63,1018.6
1770130800,3.71,1019.5
1770134400,4.03,1017.9
1770138000,2.76,1016.9
1770141600,0.61,1018.6
1770145200,-1.01,1015.5
1770148800,-1.46,1016.9
1770152400,-3.39,1017.4
1770156000,-4.38,1019.8
1770159600,-3.64,1022.0
1770163200,-4.58,1018.8
1770166800,-3.11,1018.1
1770170400,-4.30,1017.9
1770174000,-3.33,1020.4
1770177600,-1.49,1020.2
1770181200,-1.16,1018.3
1770184800,0.90,1017.7
1770188400,1.58,1018.2
1770192000,2.67,1019.0
1770195600,4.57,1019.9
1770199200,6.15,1018.2
1770202800,5.71,1018.4
1770206400,5.56,1020.7
1770210000,5.72,1022.0
1770213600,6.14,1020.0
1770217200,4.84,1021.2
1770220800,4.25,1017.9
1770224400,1.58,1018.5
1770228000,1.52,1019.6
1770231600,-0.13,1021.5
1770235200,-0.75,1017.2
1770238800,-2.29,1021.9
1770242400,-2.79,1018.5
1770246000,-2.91,1018.7
1770249600,-4.81,1020.7
1770253200,-4.33,1020.6
1770256800,-4.14,1022.5
1770260400,-2.04,1022.4
1770264000,-1.58,1019.3
1770267600,-1.16,1021.1
1770271200,0.69,1020.4
1770274800,1.99,1019.6
1770278400,4.44,1022.8
1770282000,3.67,1021.9
1770285600,5.49,1020.3
1770289200,5.72,1019.1
1770292800,6.03,1019.5
1770296400,5.92,1023.0
1770300000,5.30,1021.7
1770303600,4.26,1021.3
1770307200,3.80,1019.8
1770310800,3.13,1018.4
1770314400,0.71,1021.6
1770318000,-0.13,1020.4
1770321600,-1.99,1022.6
1770325200,-3.20,1022.2
1770328800,-2.68,1021.6
1770332400,-3.89,1022.6
1770336000,-4.04,1020.8
1770339600,-2.75,1023.2
1770343200,-2.99,1020.8
1770346800,-1.70,1021.7
1770350400,-1.24,1019.9
1770354000,-0.37,1022.9
1770357600,0.59,1020.7
1770361200,3.17,1020.9
1770364800,4.67,1019.8
1770368400,4.25,1023.1
1770372000,5.50,1020.5
1770375600,5.91,1020.8
1770379200,5.54,1019.6
1770382800,6.52,1021.8
1770386400,5.34,1023.3
1770390000,5.34,1020.1
1770393600,3.14,1023.1
1770397200,1.96,1020.0
1770400800,2.02,1021.2
1770404400,0.15,1023.3
1770408000,-1.36,1022.9
1770411600,-1.39,1020.3
1770415200,-3.06,1023.7
1770418800,-3.56,1023.8
1770422400,-3.46,1021.7
1770426000,-2.86,1022.3
1770429600,-2.21,1022.0
1770433200,-3.14,1022.1
1770436800,-1.29,1022.2
1770440400,0.78,1022.8
1770444000,1.65,1021.9
1770447600,3.24,1022.7
1770451200,3.12,1024.0
1770454800,5.84,1021.1
1770458400,6.58,1021.2
1770462000,6.11,1023.8
1770465600,6.11,1020.4
1770469200,7.16,1024.2
1770472800,6.01,1021.7
1770476400,4.07,1021.6
1770480000,4.65,1020.8
1770483600,2.94,1021.7
1770487200,2.08,1024.2
1770490800,-0.29,1023.1
1770494400,-1.84,1024.1
1770498000,-1.84,1024.0
1770501600,-2.49,1023.6
1770505200,-3.48,1023.9
1770508800,-4.23,1025.2
1770512400,-4.12,1021.8
1770516000,-2.13,1024.7
1770519600,-2.88,1024.3
1770523200,-1.30,1025.0
1770526800,0.20,1023.5
1770530400,0.58,1024.1
1770534000,2.74,1020.9
1770537600,3.09,1022.1
1770541200,4.50,1023.0
1770544800,5.69,1021.1
1770548400,7.14,1025.2
1770552000,6.00,1024.5
1770555600,6.54,1021.3
1770559200,5.33,1025.4
1770562800,5.65,1025.2
1770566400,4.07,1020.9
1770570000,3.45,1021.8
1770573600,2.25,1020.6
1770577200,-0.08,1021.3
1770580800,-0.67,1020.9
1770584400,-2.52,1021.0
1770588000,-2.55,1024.7
1770591600,-3.56,1021.3
1770595200,-2.47,1022.0
1770598800,-2.35,1024.8
1770602400,-2.20,1023.7
1770606000,-2.65,1024.4
1770609600,-1.02,1023.6
1770613200,-0.32,1023.0
1770616800,1.03,1022.4
1770620400,2.80,1021.9
1770624000,3.20,1023.1
1770627600,4.96,1024.1
1770631200,5.32,1024.9
1770634800,6.85,1021.0
1770638400,7.40,1023.3
1770642000,6.81,1023.2
1770645600,5.44,1023.1
1770649200,5.15,1021.5
1770652800,4.32,1021.9
1770656400,3.12,1023.1
1770660000,2.40,1021.6
1770663600,0.44,1022.1
1770667200,-0.33,1023.0
1770670800,-2.05,1023.6
1770674400,-1.94,1021.8
1770678000,-2.06,1021.2
1770681600,-3.74,1022.2
1770685200,-3.76,1021.5
1770688800,-2.60,1021.9
1770692400,-1.08,1021.9
1770696000,-1.37,1023.0
1770699600,0.62,1023.0
1770703200,1.53,1020.2
1770706800,2.18,1022.4
1770710400,4.01,1021.1
1770714000,4.66,1022.0
1770717600,5.40,1024.1
1770721200,7.56,1024.4
1770724800,6.39,1022.2
1770728400,5.78,1023.7
1770732000,6.00,1021.4
1770735600,5.12,1023.5
1770739200,3.61,1022.9
1770742800,4.07,1021.1
1770746400,1.31,1024.6
1770750000,0.64,1020.4
1770753600,-1.58,1023.5
1770757200,-1.33,1020.3
1770760800,-1.66,1020.4
1770764400,-1.93,1023.1
1770768000,-2.88,1019.7
1770771600,-2.20,1024.0
1770775200,-1.76,1021.6
1770778800,-0.97,1023.9
1770782400,-1.13,1023.5
1770786000,0.04,1023.5
1770789600,1.41,1023.1
1770793200,3.85,1020.9
1770796800,5.06,1020.3
1770800400,5.65,1020.7
1770804000,5.75,1022.0
1770807600,6.52,1022.2
1770811200,6.32,1022.8
1770814800,7.06,1021.7
1770818400,7.25,1021.9
1770822000,5.94,1019.8
1770825600,4.01,1020.7
1770829200,4.26,1023.9
1770832800,1.83,1020.6
1770836400,0.38,1022.7
1770840000,-0.46,1023.7
1770843600,-2.52,1020.0
1770847200,-1.54,1021.1
1770850800,-1.86,1018.2
1770854400,-3.69,1020.4
1770858000,-2.74,1018.8
1770861600,-1.39,1020.4
1770865200,-1.30,1022.1
1770868800,0.05,1018.6
1770872400,0.15,1020.4
1770876000,2.22,1017.9
1770879600,2.53,1019.0
1770883200,5.01,1022.4
1770886800,5.06,1020.4
1770890400,6.14,1020.7
1770894000,6.41,1018.2
1770897600,7.41,1018.6
1770901200,6.67,1018.0
1770904800,6.62,1018.6
1770908400,6.09,1022.8
1770912000,5.63,1021.8
1770915600,3.64,1018.0
1770919200,2.82,1021.2
1770922800,1.09,1020.3
1770926400,-0.44,1022.2
1770930000,-0.77,1018.6
1770933600,-2.72,1020.2
1770937200,-2.31,1021.0
1770940800,-2.57,1017.0
1770944400,-2.94,1021.2
1770948000,-1.77,1016.7
1770951600,-1.56,1019.0
1770955200,-0.41,1020.3
1770958800,1.13,1018.9
1770962400,1.82,1018.5
1770966000,3.15,1018.5
1770969600,4.60,1017.8
1770973200,5.91,1018.7
1770976800,7.54,1016.9
1770980400,6.83,1018.7
1770984000,7.78,1018.5
1770987600,7.79,1019.2
1770991200,6.35,1016.8
1770994800,4.97,1018.0
1770998400,5.37,1019.8
1771002000,4.21,1019.5
1771005600,2.36,1020.2
1771009200,0.96,1020.2
1771012800,0.42,1017.7
1771016400,-0.22,1018.1
1771020000,-1.43,1018.0
1771023600,-3.02,1018.3
1771027200,-3.05,1016.2
1771030800,-1.63,1016.5
1771034400,-1.07,1015.3
1771038000,-0.68,1015.3
1771041600,0.31,1015.0
1771045200,1.34,1018.4
1771048800,3.10,1018.9
1771052400,2.97,1014.9
1771056000,4.08,1017.4
1771059600,6.99,1019.1
1771063200,7.33,1015.1
1771066800,7.96,1016.8
1771070400,8.45,1016.1
1771074000,8.27,1017.9
1771077600,7.24,1016.6
1771081200,6.78,1016.8
1771084800,4.74,1019.6
1771088400,4.60,1017.0
1771092000,2.95,1014.7
1771095600,0.31,1017.4
1771099200,-0.27,1017.1
1771102800,-0.91,1015.8
1771106400,-2.31,1015.4
1771110000,-2.59,1014.7
1771113600,-3.07,1012.8
1771117200,-1.75,1016.5
1771120800,-2.56,1013.0
1771124400,-1.50,1017.4
1771128000,0.48,1014.6
1771131600,0.87,1014.5
1771135200,2.43,1013.0
1771138800,3.38,1017.1
1771142400,4.88,1013.4
1771146000,7.16,1015.2
1771149600,7.55,1014.3
1771153200,7.37,1016.5
1771156800,7.32,1016.2
1771160400,7.98,1012.9
1771164000,7.86,1017.2
1771167600,5.24,1014.3
1771171200,5.08,1013.1
1771174800,3.76,1014.5
1771178400,3.24,1017.4
1771182000,1.57,1014.5
1771185600,0.03,1017.6
1771189200,-0.62,1017.0
1771192800,-0.87,1014.9
1771196400,-2.54,1014.3
1771200000,-1.76,1014.1
1771203600,-1.68,1013.9
1771207200,-2.06,1014.7
1771210800,-0.54,1013.3
1771214400,0.79,1012.0
1771218000,1.89,1012.3
1771221600,2.98,1012.0
1771225200,4.52,1012.8
1771228800,5.05,1014.2
1771232400,5.39,1015.1
1771236000,6.26,1015.0
1771239600,8.12,1012.3
1771243200,8.56,1012.7
1771246800,8.59,1011.8
1771250400,6.33,1013.7
1771254000,6.67,1012.4
1771257600,4.69,1013.6
1771261200,4.68,1012.1
1771264800,3.27,1012.4
1771268400,1.35,1014.6
1771272000,0.75,1011.6
1771275600,-0.13,1012.4
1771279200,-2.20,1011.9
1771282800,-1.90,1009.6
1771286400,-2.57,1011.8
1771290000,-1.42,1009.9
1771293600,-1.35,1010.0
1771297200,-1.49,1011.7
1771300800,0.52,1011.0
1771304400,1.79,1013.1
1771308000,3.12,1012.9
1771311600,3.94,1011.0
1771315200,4.85,1012.9
1771318800,7.26,1013.7
1771322400,8.11,1012.3
1771326000,6.93,1010.7
1771329600,7.66,1008.9
1771333200,7.47,1011.9
1771336800,6.66,1010.3
1771340400,5.68,1013.0
1771344000,4.83,1013.1
1771347600,4.55,1013.1
1771351200,2.35,1013.6
1771354800,2.60,1010.0
1771358400,0.83,1009.1
1771362000,-1.12,1013.6
1771365600,-1.31,1009.8
1771369200,-1.64,1009.9
1771372800,-2.63,1010.6
1771376400,-1.36,1008.7
1771380000,-0.53,1009.8
1771383600,-0.97,1009.2
1771387200,-0.15,1007.5
1771390800,1.26,1008.7
1771394400,4.04,1007.5
1771398000,4.36,1010.2
1771401600,6.53,1007.2
1771405200,7.24,1009.2
1771408800,6.62,1008.6
1771412400,8.56,1009.0
1771416000,8.52,1008.2
1771419600,8.07,1007.5
1771423200,6.63,1009.1
1771426800,6.88,1011.7
1771430400,5.79,1009.1
1771434000,4.13,1010.1
1771437600,4.07,1008.1
1771441200,1.88,1010.6
1771444800,1.40,1011.6
1771448400,0.05,1007.7
1771452000,-1.98,1009.7
1771455600,-2.29,1009.4
1771459200,-1.86,1007.1
1771462800,-1.71,1006.7
1771466400,-0.61,1006.7
1771470000,-0.98,1010.0
1771473600,1.72,1006.5
1771477200,1.04,1009.8
1771480800,2.74,1007.9
1771484400,3.68,1008.5
1771488000,6.69,1009.1
1771491600,7.14,1007.5
1771495200,8.21,1006.6
1771498800,8.71,1006.8
1771502400,9.15,1006.1
1771506000,7.56,1007.1
1771509600,8.62,1007.3
1771513200,7.77,1005.3
1771516800,5.15,1009.5
1771520400,4.74,1005.1
1771524000,4.18,1007.5
1771527600,1.12,1005.3
1771531200,1.72,1005.4
1771534800,-1.06,1007.5
1771538400,-0.30,1005.1
1771542000,-1.20,1004.6
1771545600,-1.79,1007.6
1771549200,-1.60,1008.0
1771552800,-0.35,1004.4
1771556400,-0.92,1007.1
1771560000,1.45,1004.0
1771563600,1.74,1006.2
1771567200,3.04,1006.0
1771570800,5.66,1006.6
1771574400,5.84,1006.0
1771578000,6.54,1005.5
1771581600,8.27,1008.1
1771585200,8.20,1006.7
1771588800,8.55,1005.6
1771592400,7.86,1004.0
1771596000,8.64,1003.6
1771599600,7.23,1005.2
1771603200,6.80,1008.2
1771606800,5.27,1008.5
1771610400,2.55,1007.7
1771614000,2.36,1004.9
1771617600,0.81,1008.0
1771621200,0.39,1006.6
1771624800,-0.59,1005.6
1771628400,-0.17,1004.1
1771632000,-2.31,1002.5
1771635600,-1.93,1004.3
1771639200,-0.03,1004.4
1771642800,0.95,1006.3
1771646400,1.71,1004.2
1771650000,2.79,1007.0
1771653600,3.90,1006.4
1771657200,4.52,1006.1
1771660800,5.42,1004.7
1771664400,6.43,1005.6
1771668000,7.00,1004.1
1771671600,9.33,1007.0
1771675200,8.69,1003.7
1771678800,7.57,1002.9
1771682400,8.17,1006.7
1771686000,7.87,1004.5
1771689600,6.85,1004.4
1771693200,5.14,1004.6
1771696800,3.74,1003.1
1771700400,2.03,1003.4
1771704000,2.10,1006.1
1771707600,-0.43,1006.3
1771711200,-1.03,1003.0
1771714800,-1.17,1004.9
1771718400,-0.56,1003.7
1771722000,-0.02,1004.4
1771725600,-0.74,1001.9
1771729200,-0.01,1001.5
1771732800,1.37,1005.5
1771736400,3.38,1006.2
1771740000,3.09,1005.4
1771743600,5.90,1004.2
1771747200,6.39,1006.1
1771750800,6.49,1005.1
1771754400,8.82,1005.3
1771758000,8.20,1002.7
1771761600,7.84,1002.1
1771765200,8.50,1003.2
1771768800,8.32,1004.7
1771772400,7.29,1002.9
1771776000,7.02,1001.6
1771779600,5.26,1005.3
1771783200,3.29,1005.2
1771786800,3.42,1006.2
1771790400,0.66,1003.3
1771794000,-0.47,1001.7
1771797600,-0.30,1004.4
1771801200,-0.91,1001.4
1771804800,-1.91,1001.0
1771808400,-1.01,1005.4
1771812000,-0.63,1002.2
1771815600,0.54,1004.0
1771819200,1.66,1005.5
1771822800,2.31,1002.9
1771826400,3.20,1001.6
1771830000,4.31,1004.6
1771833600,5.58,1003.9
1771837200,7.87,1004.5
1771840800,7.93,1002.5
1771844400,8.21,1004.7
1771848000,8.13,1001.8
1771851600,8.85,1004.6
1771855200,7.95,1004.1
1771858800,8.29,1001.0
1771862400,7.33,1001.1
1771866000,4.97,1003.3
1771869600,4.50,1003.8
1771873200,2.64,1004.0
1771876800,1.91,1000.8
1771880400,-0.50,1001.9
1771884000,0.28,1005.6
1771887600,0.13,1004.0
1771891200,-0.21,1005.5
1771894800,-0.76,1005.1
1771898400,-0.43,1001.4
1771902000,0.29,1002.5
1771905600,1.68,1005.5
1771909200,3.79,1000.5
1771912800,3.55,1003.7
1771916400,6.40,1001.5
1771920000,6.03,1004.4
1771923600,7.91,1002.6
1771927200,9.31,1004.1
1771930800,8.40,1003.5
1771934400,8.44,1003.4
1771938000,8.52,1004.9
1771941600,7.67,1004.3
1771945200,8.69,1005.2
1771948800,5.74,1004.3
1771952400,5.82,1000.8
1771956000,4.53,1005.2
1771959600,2.26,1003.9
1771963200,1.03,1005.1
1771966800,0.61,1005.5
1771970400,-0.20,1003.4
1771974000,-0.89,1003.1
1771977600,-1.36,1001.0
1771981200,0.12,1003.0
1771984800,0.20,1000.9
1771988400,1.26,1005.1
1771992000,1.41,1001.8
1771995600,2.39,1001.6
1771999200,4.66,1002.0
1772002800,6.58,1004.9
1772006400,5.89,1003.0
1772010000,7.01,1005.0
1772013600,8.64,1001.1
1772017200,8.55,1005.6
1772020800,8.36,1003.0
1772024400,9.43,1004.3
1772028000,8.67,1005.3
1772031600,7.57,1002.0
1772035200,7.19,1001.2
1772038800,4.65,1002.5
1772042400,3.67,1002.1
1772046000,2.98,1004.7
1772049600,1.28,1005.6
1772053200,1.52,1004.4
1772056800,-0.61,1003.9
1772060400,0.24,1003.3
1772064000,-0.22,1003.4
1772067600,-0.02,1005.4
1772071200,0.45,1004.7
1772074800,1.66,1005.7
1772078400,2.49,1001.6
1772082000,3.24,1002.0
1772085600,3.63,1001.8
1772089200,5.91,1004.1
1772092800,6.39,1004.7
1772096400,7.24,1004.0
1772100000,9.40,1002.1
1772103600,10.11,1005.6
1772107200,9.42,1006.0
1772110800,9.65,1002.3
1772114400,8.87,1004.4
1772118000,7.72,1006.3
1772121600,6.20,1003.1
1772125200,5.08,1004.7
1772128800,3.94,1001.7
1772132400,4.12,1002.8
1772136000,2.96,1002.4
1772139600,1.61,1005.0
1772143200,0.19,1005.0
1772146800,0.68,1005.7
1772150400,-0.01,1006.2
1772154000,0.39,1003.7
1772157600,0.49,1007.3
1772161200,1.21,1005.9
1772164800,2.97,1005.3
1772168400,3.31,1004.0
1772172000,5.65,1004.0
1772175600,5.23,1007.1
1772179200,7.54,1005.9
1772182800,7.27,1005.2
1772186400,9.72,1005.6
1772190000,9.29,1005.5
1772193600,9.91,1005.8
1772197200,9.73,1007.2
1772200800,8.15,1006.7
1772204400,8.39,1002.7
1772208000,6.18,1003.6
1772211600,5.70,1005.3
1772215200,5.64,1006.3
1772218800,2.65,1004.7
1772222400,3.13,1005.3
1772226000,1.15,1002.5
1772229600,-0.27,1006.2
1772233200,0.92,1006.1
1772236800,-1.08,1008.1
1772240400,-0.94,1006.3
1772244000,0.56,1007.1
1772247600,2.18,1007.9
1772251200,2.33,1005.0
1772254800,2.93,1005.7
1772258400,4.88,1005.7
1772262000,5.26,1006.3
1772265600,6.54,1007.3
1772269200,8.84,1008.3
1772272800,8.27,1004.7
1772276400,8.74,1004.9
1772280000,9.69,1005.3
1772283600,9.12,1007.6
1772287200,9.52,1007.0
1772290800,9.28,1005.6
1772294400,7.98,1004.8
1772298000,5.15,1006.0
1772301600,5.41,1006.1
1772305200,2.91,1006.4
1772308800,2.86,1006.4
1772312400,2.13,1005.0
1772316000,0.53,1006.1
1772319600,-0.10,1006.5
1772323200,-0.03,1009.8
1772326800,0.18,1007.6
1772330400,1.35,1007.5
1772334000,1.43,1006.0
1772337600,1.59,1005.8
1772341200,4.53,1008.5
1772344800,4.81,1006.0
1772348400,6.62,1005.8
1772352000,7.02,1007.2
1772355600,7.77,1007.3
1772359200,8.51,1009.8
1772362800,9.04,1006.4
1772366400,9.32,1010.0
1772370000,10.36,1008.9
1772373600,9.24,1005.3
1772377200,8.28,1007.4
1772380800,8.10,1005.2
1772384400,6.11,1007.1
1772388000,4.64,1005.5
1772391600,3.38,1008.5
1772395200,3.30,1008.6
1772398800,2.25,1006.3
1772402400,-0.07,1007.8
1772406000,-0.43,1011.5
1772409600,-0.03,1010.3
1772413200,-0.46,1008.8
1772416800,1.81,1010.3
1772420400,2.42,1011.7
1772424000,2.31,1008.3
1772427600,2.98,1007.9
1772431200,5.71,1011.4
1772434800,5.92,1010.7
1772438400,8.06,1010.7
1772442000,9.05,1010.1
1772445600,8.96,1010.7
1772449200,10.55,1008.7
1772452800,10.54,1008.2
1772456400,10.28,1009.4
1772460000,9.77,1008.7
1772463600,7.84,1011.0
1772467200,8.59,1010.3
1772470800,6.36,1007.2
1772474400,5.79,1007.7
1772478000,3.94,1008.9
1772481600,2.60,1007.0
1772485200,1.12,1009.5
1772488800,1.01,1008.5
1772492400,0.81,1011.0
1772496000,-0.48,1013.1
1772499600,0.75,1010.3
1772503200,0.17,1013.3
1772506800,2.45,1010.9
1772510400,3.40,1011.2
1772514000,3.45,1012.5
1772517600,5.17,1013.3
1772521200,6.70,1010.5
1772524800,7.14,1011.0
1772528400,9.24,1011.9
1772532000,9.20,1011.8
1772535600,10.96,1011.2
1772539200,10.05,1009.2
1772542800,9.70,1011.5
1772546400,9.11,1008.9
1772550000,9.25,1010.9
1772553600,7.93,1011.7
1772557200,7.48,1009.2
1772560800,5.40,1013.7
1772564400,3.58,1010.6
1772568000,3.63,1012.8
1772571600,1.32,1011.2
1772575200,0.38,1010.5
1772578800,1.05,1012.5
1772582400,1.49,1011.6
1772586000,1.25,1015.5
1772589600,0.28,1015.8
1772593200,2.91,1012.7
1772596800,3.93,1013.7
1772600400,4.94,1014.5
1772604000,6.25,1015.1
1772607600,7.60,1012.2
1772611200,7.69,1012.1
1772614800,9.37,1013.9
1772618400,10.52,1011.4
1772622000,9.90,1012.7
1772625600,11.13,1013.2
1772629200,10.49,1014.7
1772632800,9.20,1012.9
1772636400,9.95,1013.1
1772640000,8.12,1015.6
1772643600,6.01,1011.3
1772647200,6.26,1014.7
1772650800,4.67,1013.5
1772654400,3.33,1014.5
1772658000,0.98,1012.5
1772661600,0.90,1014.9
1772665200,1.21,1014.0
1772668800,1.27,1017.1
1772672400,0.87,1016.2
1772676000,2.18,1013.1
1772679600,2.20,1014.5
1772683200,3.67,1013.6
1772686800,5.24,1015.7
1772690400,5.55,1013.7
1772694000,6.84,1016.9
1772697600,8.90,1016.0
1772701200,9.54,1017.7
1772704800,9.68,1014.6
1772708400,11.29,1015.9
1772712000,10.19,1017.7
1772715600,10.16,1015.1
1772719200,9.79,1013.1
1772722800,9.61,1017.6
1772726400,8.40,1013.0
1772730000,6.06,1014.3
1772733600,5.14,1014.3
1772737200,3.91,1017.1
1772740800,3.11,1013.1
1772744400,1.79,1014.7
1772748000,1.73,1016.6
1772751600,0.56,1017.5
1772755200,0.31,1019.6
1772758800,1.24,1018.4
1772762400,2.28,1015.5
1772766000,1.72,1016.9
1772769600,3.93,1014.9
1772773200,4.83,1018.5
1772776800,5.41,1018.2
1772780400,6.49,1019.7
1772784000,8.17,1018.6
1772787600,8.43,1017.5
1772791200,9.68,1018.9
1772794800,10.37,1017.9
1772798400,9.97,1016.6
1772802000,10.57,1016.4
1772805600,10.07,1016.9
1772809200,9.94,1018.0
1772812800,9.29,1018.5
1772816400,7.04,1016.7
1772820000,6.25,1016.1
1772823600,3.89,1018.2
1772827200,3.96,1016.3
1772830800,2.68,1019.7
1772834400,1.72,1016.0
1772838000,1.71,1016.9
1772841600,0.36,1016.4
1772845200,0.34,1017.8
1772848800,2.62,1020.6
1772852400,3.01,1017.5
1772856000,3.38,1019.2
1772859600,4.27,1021.0
1772863200,6.19,1018.7
1772866800,7.27,1020.1
1772870400,9.20,1017.2
1772874000,9.19,1020.0
1772877600,10.15,1018.0
1772881200,11.29,1016.6
1772884800,10.78,1017.9
1772888400,11.05,1019.7
1772892000,9.76,1019.3
1772895600,10.52,1020.6
1772899200,9.28,1019.4
1772902800,7.05,1020.0
1772906400,5.99,1020.8
1772910000,5.26,1017.2
1772913600,2.76,1020.9
1772917200,3.22,1019.2
1772920800,2.03,1018.6
1772924400,1.42,1021.5
1772928000,1.83,1022.7
1772931600,2.04,1021.3
1772935200,2.70,1018.3
1772938800,2.70,1022.7
1772942400,4.18,1020.9
1772946000,5.33,1022.6
1772949600,5.24,1020.2
1772953200,6.92,1022.3
1772956800,9.35,1020.9
1772960400,9.28,1019.9
1772964000,9.54,1019.0
1772967600,10.48,1022.6
1772971200,10.55,1022.0
1772974800,11.78,1021.7
1772978400,10.53,1020.6
1772982000,9.39,1020.6
1772985600,8.38,1020.8
1772989200,8.41,1020.6
1772992800,6.83,1020.0
1772996400,5.17,1018.8
1773000000,3.39,1018.8
1773003600,2.01,1019.8
1773007200,1.20,1019.8
1773010800,1.53,1020.7
1773014400,0.98,1019.5
1773018000,2.11,1023.5
1773021600,1.43,1019.7
1773025200,3.51,1022.0
1773028800,3.27,1019.9
1773032400,4.55,1023.8
1773036000,5.33,1023.1
1773039600,7.39,1022.2
1773043200,8.47,1023.1
1773046800,9.90,1020.5
1773050400,10.55,1023.4
1773054000,10.99,1021.3
1773057600,12.01,1023.7
1773061200,10.42,1021.8
1773064800,9.91,1020.1
1773068400,9.74,1021.3
1773072000,9.16,1019.7
1773075600,8.55,1019.6
1773079200,6.71,1022.5
1773082800,4.74,1023.9
1773086400,4.34,1020.3
1773090000,2.78,1021.2
1773093600,2.38,1020.5
1773097200,2.15,1022.6
1773100800,1.44,1023.6
1773104400,1.96,1024.2
1773108000,1.86,1023.5
1773111600,3.96,1023.8
1773115200,3.07,1020.0
1773118800,5.30,1020.7
1773122400,5.92,1022.6
1773126000,6.86,1022.4
1773129600,9.95,1024.2
1773133200,9.90,1021.1
1773136800,10.78,1024.2
1773140400,11.69,1022.5
1773144000,11.86,1022.4
1773147600,12.09,1021.2
1773151200,11.60,1020.6
1773154800,10.19,1020.5
1773158400,8.34,1023.8
1773162000,7.69,1021.6
1773165600,5.79,1023.2
1773169200,5.82,1020.3
1773172800,4.14,1019.9
1773176400,2.90,1022.1
1773180000,2.99,1023.6
1773183600,2.34,1024.1
1773187200,1.21,1023.1
1773190800,1.43,1021.5
1773194400,3.14,1021.3
1773198000,4.03,1024.9
1773201600,5.12,1023.0
1773205200,4.38,1021.9
1773208800,5.80,1022.1
1773212400,7.43,1023.9
1773216000,8.86,1021.3
1773219600,9.79,1023.2
1773223200,10.69,1022.7
1773226800,11.80,1024.8
1773230400,12.40,1020.9
1773234000,12.36,1020.8
1773237600,10.89,1022.7
1773241200,10.69,1021.0
1773244800,9.74,1021.5
1773248400,7.15,1022.1
1773252000,7.55,1022.1
1773255600,5.41,1022.7
1773259200,4.01,1023.5
1773262800,2.29,1024.3
1773266400,1.75,1024.4
1773270000,2.04,1022.3
1773273600,0.97,1024.2
1773277200,2.47,1024.0
1773280800,3.31,1023.8
1773284400,3.78,1021.9
1773288000,3.54,1024.4
1773291600,5.61,1022.6
1773295200,7.67,1021.7
1773298800,8.10,1024.5
1773302400,10.07,1024.0
1773306000,10.09,1023.2
1773309600,11.05,1025.1
1773313200,12.00,1024.0
1773316800,12.72,1022.6
1773320400,10.73,1022.0
1773324000,11.00,1022.5
1773327600,10.51,1022.7
1773331200,8.68,1021.8
1773334800,8.85,1024.2
1773338400,7.53,1021.6
1773342000,5.88,1021.9
1773345600,3.51,1022.7
1773349200,2.47,1022.7
1773352800,3.22,1024.6
1773356400,2.11,1024.6
1773360000,1.05,1024.5
1773363600,2.56,1025.0
1773367200,2.05,1023.3
1773370800,2.84,1021.2
1773374400,5.00,1022.6
1773378000,4.74,1020.7
1773381600,6.36,1022.1
1773385200,8.55,1025.1
1773388800,8.89,1023.5
1773392400,10.09,1022.3
1773396000,11.33,1020.9
1773399600,11.13,1024.7
1773403200,11.06,1023.2
1773406800,11.74,1022.8
1773410400,10.70,1024.1
1773414000,10.19,1020.4
1773417600,8.96,1020.3
1773421200,8.49,1021.9
1773424800,7.30,1024.4
1773428400,5.85,1022.9
1773432000,5.25,1020.3
1773435600,2.69,1023.1
1773439200,3.60,1022.9
1773442800,3.20,1020.2
1773446400,2.07,1020.1
1773450000,2.63,1021.5
1773453600,2.25,1021.9
1773457200,2.90,1024.4
1773460800,4.67,1023.0
1773464400,6.36,1023.0
1773468000,6.73,1024.4
1773471600,9.01,1023.1
1773475200,9.15,1020.6
1773478800,10.34,1021.3
1773482400,11.87,1023.1
1773486000,12.50,1020.6
1773489600,12.32,1019.7
1773493200,12.77,1020.2
1773496800,10.88,1021.8
1773500400,10.08,1024.4
1773504000,9.29,1023.2
1773507600,8.18,1020.0
1773511200,6.57,1020.3
1773514800,4.89,1020.8
1773518400,3.73,1022.8
1773522000,3.69,1021.0
1773525600,2.11,1020.1
1773529200,1.62,1021.2
1773532800,3.09,1020.5
1773536400,3.30,1018.8
1773540000,3.41,1019.1
1773543600,4.34,1022.0
1773547200,5.45,1019.3
1773550800,6.79,1022.3
1773554400,8.04,1022.5
1773558000,9.54,1020.9
1773561600,10.19,1019.4
1773565200,11.17,1020.0
1773568800,11.34,1019.0
1773572400,12.64,1022.6
1773576000,12.24,1022.5
1773579600,12.32,1018.5
1773583200,11.85,1018.8
1773586800,10.24,1021.1
1773590400,9.96,1023.3
1773594000,9.05,1018.4
1773597600,8.13,1022.1
1773601200,5.76,1019.4
1773604800,5.34,1021.4
1773608400,2.88,1022.3
1773612000,3.45,1019.2
1773615600,2.81,1021.1
1773619200,2.02,1020.4
1773622800,2.17,1019.6
1773626400,3.73,1019.3
1773630000,2.96,1018.7
1773633600,5.43,1017.0
1773637200,5.38,1021.1
1773640800,7.77,1021.7
1773644400,8.76,1020.6
1773648000,10.36,1021.0
1773651600,10.83,1018.1
1773655200,12.19,1021.7
1773658800,11.68,1019.6
1773662400,12.12,1020.5
1773666000,12.11,1019.0
1773669600,12.74,1019.7
1773673200,10.83,1019.3
1773676800,9.80,1019.7
1773680400,9.11,1020.6
1773684000,8.16,1019.1
1773687600,6.22,1019.9
1773691200,5.37,1019.0
1773694800,4.68,1017.4
1773698400,2.61,1019.4
1773702000,2.85,1019.8
1773705600,3.25,1017.3
1773709200,3.14,1017.6
1773712800,3.22,1019.1
1773716400,4.99,1018.6
1773720000,4.40,1018.3
1773723600,5.58,1017.8
1773727200,6.95,1016.0
1773730800,8.90,1019.9
1773734400,9.55,1016.2
1773738000,11.72,1016.1
1773741600,11.11,1019.8
1773745200,12.51,1019.7
1773748800,12.81,1020.2
1773752400,11.56,1020.2
1773756000,12.10,1019.6
1773759600,11.42,1020.3
1773763200,10.20,1018.4
1773766800,9.65,1017.6
1773770400,7.39,1018.1
1773774000,6.14,1015.5
1773777600,5.68,1019.5
1773781200,3.47,1019.5
1773784800,3.77,1018.5
1773788400,2.14,1018.3
1773792000,3.27,1017.6
1773795600,2.70,1014.1
1773799200,3.98,1016.5
1773802800,4.59,1014.3
1773806400,5.57,1014.7
1773810000,6.60,1014.2
1773813600,7.16,1018.1
1773817200,8.26,1013.6
1773820800,9.57,1018.0
1773824400,11.58,1018.3
1773828000,11.30,1015.4
1773831600,12.86,1016.4
1773835200,11.94,1015.3
1773838800,11.87,1016.5
1773842400,12.70,1017.1
1773846000,11.65,1018.2
1773849600,9.47,1015.7
1773853200,9.90,1017.3
1773856800,8.76,1016.5
1773860400,6.13,1016.7
1773864000,5.28,1015.1
1773867600,4.56,1015.8
1773871200,3.55,1014.3
1773874800,2.22,1015.5
1773878400,3.26,1016.3
1773882000,2.79,1015.1
1773885600,3.29,1012.5
1773889200,4.53,1014.7
1773892800,4.93,1012.7
1773896400,6.68,1015.4
1773900000,7.93,1014.7
1773903600,9.31,1014.0
1773907200,11.39,1014.2
1773910800,11.87,1013.9
1773914400,12.45,1012.8
1773918000,13.10,1016.4
1773921600,12.55,1012.8
1773925200,12.10,1015.6
1773928800,12.32,1016.3
1773932400,12.19,1013.7
1773936000,10.97,1012.6
1773939600,8.51,1013.6
1773943200,7.66,1013.6
1773946800,7.18,1012.1
1773950400,5.24,1016.5
1773954000,4.82,1016.0
1773957600,3.83,1011.7
1773961200,3.89,1011.2
1773964800,3.74,1010.5
1773968400,2.44,1012.2
1773972000,3.00,1013.2
1773975600,4.97,1011.5
1773979200,5.84,1013.1
1773982800,6.32,1010.0
1773986400,7.66,1012.4
1773990000,9.30,1014.3
1773993600,10.64,1010.7
1773997200,11.93,1010.0
1774000800,12.03,1012.6
1774004400,13.78,1013.2
1774008000,13.40,1012.7
1774011600,12.02,1009.9
1774015200,12.56,1011.0
1774018800,11.95,1012.2
1774022400,11.41,1010.4
1774026000,10.19,1014.1
1774029600,8.88,1012.0
1774033200,6.57,1011.5
1774036800,4.95,1012.2
1774040400,5.12,1013.9
1774044000,3.34,1012.3
1774047600,2.68,1012.4
1774051200,2.74,1010.9
1774054800,4.23,1008.7
1774058400,4.44,1010.0
1774062000,4.22,1007.9
1774065600,6.35,1008.9
1774069200,6.71,1009.7
1774072800,8.40,1008.9
1774076400,9.30,1009.1
1774080000,11.58,1010.7
1774083600,12.54,1008.2
1774087200,12.48,1010.9
1774090800,12.58,1010.4
1774094400,13.75,1007.8
1774098000,12.61,1010.9
1774101600,12.73,1008.1
1774105200,12.16,1008.9
1774108800,10.28,1009.7
1774112400,8.69,1008.4
1774116000,8.46,1008.5
1774119600,7.05,1010.6
1774123200,5.46,1010.7
1774126800,4.53,1010.4
1774130400,4.25,1011.2
1774134000,4.14,1008.5
1774137600,3.03,1010.4
1774141200,3.24,1008.1
1774144800,4.95,1008.8
1774148400,4.01,1010.3
1774152000,6.46,1007.1
1774155600,7.63,1005.8
1774159200,8.43,1009.9
1774162800,10.27,1006.0
1774166400,10.81,1010.4
1774170000,12.60,1006.8
1774173600,12.84,1007.2
1774177200,14.12,1006.7
1774180800,12.73,1009.0
1774184400,13.97,1010.0
1774188000,11.97,1006.3
1774191600,12.69,1006.5
1774195200,11.96,1007.7
1774198800,9.62,1008.7
1774202400,9.22,1008.4
1774206000,7.75,1006.6
1774209600,5.33,1007.0
1774213200,4.52,1009.6
1774216800,3.48,1009.6
1774220400,3.28,1004.1
1774224000,3.54,1007.8
1774227600,4.29,1008.5
1774231200,3.82,1007.8
1774234800,5.10,1005.7
1774238400,6.35,1009.1
1774242000,7.32,1008.5
1774245600,9.25,1004.2
1774249200,10.53,1007.1
1774252800,11.37,1008.7
1774256400,11.34,1004.7
1774260000,12.19,1006.9
1774263600,13.78,1005.0
1774267200,12.76,1008.6
1774270800,14.30,1006.8
1774274400,13.61,1005.2
1774278000,12.37,1007.7
1774281600,10.44,1006.1
1774285200,9.71,1005.7
1774288800,9.27,1008.1
1774292400,7.57,1004.8
1774296000,6.60,1004.1
1774299600,4.80,1006.8
1774303200,3.65,1009.0
1774306800,4.90,1006.7
1774310400,4.56,1003.2
1774314000,3.68,1003.2
1774317600,4.58,1003.5
1774321200,5.54,1003.9
1774324800,6.06,1007.5
1774328400,7.37,1004.5
1774332000,7.93,1004.1
1774335600,9.32,1002.9
1774339200,12.20,1004.2
1774342800,12.67,1004.8
1774346400,12.25,1002.9
1774350000,13.59,1003.4
1774353600,14.09,1007.6
1774357200,14.41,1005.3
1774360800,12.76,1004.7
1774364400,11.52,1006.6
1774368000,11.08,1004.1
1774371600,9.86,1005.4
1774375200,8.65,1003.6
1774378800,6.79,1006.0
1774382400,7.31,1004.4
1774386000,4.88,1005.1
1774389600,5.32,1004.1
1774393200,4.95,1004.7
1774396800,4.58,1006.1
1774400400,4.51,1001.8
1774404000,4.08,1006.0
1774407600,5.20,1004.2
1774411200,6.96,1004.4
1774414800,7.34,1003.0
1774418400,9.60,1006.5
1774422000,10.97,1002.3
1774425600,10.97,1006.0
1774429200,11.75,1005.5
1774432800,13.30,1003.5
1774436400,14.31,1004.7
1774440000,14.98,1004.5
1774443600,14.74,1006.2
1774447200,12.54,1005.7
1774450800,13.04,1002.9
1774454400,11.97,1004.4
1774458000,10.10,1005.2
1774461600,8.05,1001.7
1774465200,8.41,1004.8
1774468800,6.15,1002.6
1774472400,4.70,1003.2
1774476000,4.30,1004.4
1774479600,3.47,1005.5
1774483200,3.40,1002.2
1774486800,4.81,1002.9
1774490400,5.49,1003.9
1774494000,5.47,1005.7
1774497600,6.49,1001.8
1774501200,6.93,1001.0
1774504800,9.42,1002.6
1774508400,10.26,1003.5
1774512000,11.95,1003.6
1774515600,12.79,1001.1
1774519200,13.54,1005.2
1774522800,14.48,1003.6
1774526400,15.10,1003.9
1774530000,13.55,1004.5
1774533600,12.65,1002.1
1774537200,13.10,1004.9
1774540800,10.91,1002.7
1774544400,9.65,1004.0
1774548000,9.14,1001.1
1774551600,7.51,1004.5
1774555200,6.46,1004.0
1774558800,5.81,1001.1
1774562400,3.92,1001.4
1774566000,4.78,1002.5
1774569600,4.75,1001.0
1774573200,3.84,1000.5
1774576800,4.74,1004.8
1774580400,6.06,1001.9
1774584000,7.55,1003.3
1774587600,8.68,1002.4
1774591200,9.29,1004.3
1774594800,10.57,1003.8
1774598400,11.62,1001.1
1774602000,13.52,1003.8
1774605600,12.86,1002.3
1774609200,14.52,1001.2
1774612800,13.35,1000.8
1774616400,14.87,1003.6
1774620000,13.63,1001.1
1774623600,12.37,1001.8
1774627200,11.24,1001.7
1774630800,10.74,1003.2
1774634400,9.69,1003.2
1774638000,7.57,1001.7
1774641600,6.30,1005.2
1774645200,5.40,1004.1
1774648800,5.92,1003.5
1774652400,4.01,1004.9
1774656000,4.64,1000.8